id,full_name,first_name,last_name,is_active,ptsAve,tovAve,blkAve,stlAve,astAve,rebAve,minAve
1630173,Precious Achiuwa,Precious,Achiuwa,True,7.760456273764259,1.0228136882129277,0.6349809885931559,0.5095057034220533,0.9809885931558935,5.688212927756654,19.870722433460077
203500,Steven Adams,Steven,Adams,True,9.23229461756374,1.4575070821529745,0.9560906515580736,0.8838526912181303,1.528328611898017,8.19830028328612,26.834277620396602
1628389,Bam Adebayo,Bam,Adebayo,True,15.3640081799591,2.1615541922290387,0.8916155419222904,1.0408997955010224,3.4907975460122698,8.742331288343559,30.02044989775051
1630534,Ochai Agbaji,Ochai,Agbaji,True,6.7299270072992705,0.7664233576642335,0.4306569343065693,0.45985401459854014,1.094890510948905,2.45985401459854,20.81021897810219
1630583,Santi Aldama,Santi,Aldama,True,8.717647058823529,0.8529411764705882,0.6588235294117647,0.5529411764705883,1.5058823529411764,4.764705882352941,21.529411764705884
1629638,Nickeil Alexander-Walker,Nickeil,Alexander-Walker,True,8.311036789297658,1.160535117056856,0.3879598662207358,0.6889632107023411,2.2040133779264215,2.2842809364548495,19.62541806020067
1628960,Grayson Allen,Grayson,Allen,True,10.530973451327434,0.9557522123893806,0.2743362831858407,0.7050147492625368,1.991150442477876,3.0147492625368733,25.61946902654867
1628386,Jarrett Allen,Jarrett,Allen,True,12.72633744855967,1.3786008230452675,1.2962962962962963,0.6049382716049383,1.625514403292181,9.137860082304528,28.238683127572017
1630631,Jose Alvarado,Jose,Alvarado,True,7.4678362573099415,0.9415204678362573,0.1871345029239766,1.152046783625731,2.6608187134502925,2.1578947368421053,18.549707602339183
203937,Kyle Anderson,Kyle,Anderson,True,6.920367534456355,1.0367534456355283,0.6248085758039816,1.0091883614088821,2.8070444104134764,4.3813169984686064,21.93415007656968
203507,Giannis Antetokounmpo,Giannis,Antetokounmpo,True,23.36111111111111,3.005050505050505,1.244949494949495,1.1401515151515151,4.867424242424242,9.762626262626263,32.75883838383838
1630175,Cole Anthony,Cole,Anthony,True,13.379446640316205,1.948616600790514,0.40711462450592883,0.6996047430830039,4.07905138339921,4.616600790513834,26.486166007905137
1628384,OG Anunoby,OG,Anunoby,True,11.964114832535886,1.3086124401913874,0.5358851674641149,1.2607655502392345,1.5956937799043063,4.2727272727272725,29.064593301435405
1627853,Ryan Arcidiacono,Ryan,Arcidiacono,True,4.011673151750973,0.5252918287937743,0.027237354085603113,0.47470817120622566,1.894941634241245,1.7587548638132295,15.330739299610896
1630166,Deni Avdija,Deni,Avdija,True,9.846689895470384,1.4041811846689896,0.43205574912891986,0.7526132404181185,2.533101045296167,5.97212543554007,26.195121951219512
1629028,Deandre Ayton,Deandre,Ayton,True,16.664804469273744,1.729050279329609,0.952513966480447,0.729050279329609,1.6340782122905029,10.505586592178771,30.907821229050278
1628962,Udoka Azubuike,Udoka,Azubuike,True,3.0476190476190474,0.44047619047619047,0.42857142857142855,0.10714285714285714,0.16666666666666666,2.7976190476190474,8.607142857142858
1628963,Marvin Bagley III,Marvin,Bagley III,True,12.957364341085272,1.2364341085271318,0.6705426356589147,0.4689922480620155,0.937984496124031,6.996124031007752,24.04263565891473
1631116,Patrick Baldwin Jr.,Patrick,Baldwin Jr.,True,4.202898550724638,0.43478260869565216,0.2753623188405797,0.34782608695652173,0.5797101449275363,2.36231884057971,10.420289855072463
1630163,LaMelo Ball,LaMelo,Ball,True,19.972826086956523,3.2717391304347827,0.3423913043478261,1.5543478260869565,7.413043478260869,6.233695652173913,31.902173913043477
1628366,Lonzo Ball,Lonzo,Ball,True,11.884920634920634,2.5277777777777777,0.6428571428571429,1.5515873015873016,6.2023809523809526,5.742063492063492,32.48809523809524
1628964,Mo Bamba,Mo,Bamba,True,6.996987951807229,0.8042168674698795,1.2921686746987953,0.3704819277108434,0.8674698795180723,5.52710843373494,17.174698795180724
1631094,Paolo Banchero,Paolo,Banchero,True,21.32236842105263,2.9407894736842106,0.5657894736842105,0.8618421052631579,4.605263157894737,6.9144736842105265,34.39473684210526
1630217,Desmond Bane,Desmond,Bane,True,17.43032786885246,1.6721311475409837,0.36475409836065575,0.9508196721311475,3.319672131147541,4.180327868852459,28.975409836065573
1630625,Dalano Banton,Dalano,Banton,True,6.067114093959732,0.9932885906040269,0.28859060402684567,0.4966442953020134,1.7583892617449663,2.3288590604026846,13.563758389261745
1631230,Dominick Barlow,Dominick,Barlow,True,4.163934426229508,0.39344262295081966,0.5409836065573771,0.36065573770491804,0.9836065573770492,3.5245901639344264,13.557377049180328
203084,Harrison Barnes,Harrison,Barnes,True,14.046103183315038,1.1789242590559825,0.1800219538968167,0.6948408342480791,1.7596048298572997,4.864983534577387,31.62019758507135
1630567,Scottie Barnes,Scottie,Barnes,True,16.606635071090047,2.156398104265403,0.966824644549763,1.127962085308057,4.691943127962086,7.407582938388626,35.018957345971565
1629628,RJ Barrett,RJ,Barrett,True,18.44984802431611,2.139817629179331,0.2735562310030395,0.6474164133738601,2.9240121580547114,5.422492401215806,33.27051671732523
1629646,Charles Bassey,Charles,Bassey,True,4.298701298701299,0.8311688311688312,0.8701298701298701,0.37662337662337664,0.987012987012987,4.298701298701299,11.441558441558442
1641734,Emoni Bates,Emoni,Bates,True,2.7333333333333334,0.5333333333333333,0.13333333333333333,0.06666666666666667,0.6666666666666666,0.9333333333333333,8.866666666666667
1628966,Keita Bates-Diop,Keita,Bates-Diop,True,5.996466431095406,0.5441696113074205,0.3498233215547703,0.5159010600706714,0.8515901060070671,2.9964664310954063,16.13427561837456
201587,Nicolas Batum,Nicolas,Batum,True,10.396011396011396,1.5498575498575498,0.627730294396961,0.9268755935422602,3.2896486229819564,4.989553656220323,29.69420702754036
203078,Bradley Beal,Bradley,Beal,True,21.864973262032084,2.4585561497326203,0.4157754010695187,1.1016042780748663,4.327540106951871,4.102941176470588,34.56951871657754
1627736,Malik Beasley,Malik,Beasley,True,10.891129032258064,0.7883064516129032,0.125,0.6330645161290323,1.310483870967742,2.818548387096774,23.096774193548388
1630699,MarJon Beauchamp,MarJon,Beauchamp,True,4.77,0.72,0.14,0.34,0.66,2.14,13.09
202722,Davis Bertans,Davis,Bertans,True,7.707368421052632,0.5263157894736842,0.35157894736842105,0.43157894736842106,0.9431578947368421,2.44,17.987368421052633
201976,Patrick Beverley,Patrick,Beverley,True,8.288288288288289,1.1891891891891893,0.515015015015015,1.063063063063063,3.370870870870871,4.097597597597598,26.56006006006006
1630180,Saddiq Bey,Saddiq,Bey,True,14.051369863013699,0.9623287671232876,0.18493150684931506,0.8424657534246576,1.8424657534246576,5.2465753424657535,30.15068493150685
1629048,Goga Bitadze,Goga,Bitadze,True,4.9397590361445785,0.6305220883534136,0.9518072289156626,0.3534136546184739,0.9357429718875502,3.4377510040160644,12.751004016064257
1641931,Onuralp Bitim,Onuralp,Bitim,True,3.4782608695652173,0.43478260869565216,0.08695652173913043,0.13043478260869565,0.5652173913043478,1.391304347826087,11.652173913043478
202687,Bismack Biyombo,Bismack,Biyombo,True,5.066746126340882,0.9129916567342073,1.2836710369487485,0.2586412395709178,0.6567342073897497,5.901072705601907,19.529201430274135
1641710,Anthony Black,Anthony,Black,True,4.579710144927536,0.8115942028985508,0.30434782608695654,0.5072463768115942,1.318840579710145,2.0144927536231885,16.869565217391305
1641778,Leaky Black,Leaky,Black,True,2.6538461538461537,0.23076923076923078,0.4230769230769231,0.3076923076923077,0.9230769230769231,1.8461538461538463,10.923076923076923
203992,Bogdan Bogdanovic,Bogdan,Bogdanovic,True,14.67706013363029,1.4365256124721604,0.26057906458797325,1.0334075723830736,3.2739420935412027,3.3853006681514475,28.84632516703786
202711,Bojan Bogdanovic,Bojan,Bogdanovic,True,15.554937413073713,1.6759388038942977,0.07649513212795549,0.5535465924895688,1.6606397774687065,3.5591098748261474,29.054242002781642
1629626,Bol Bol,Bol,Bol,True,6.018072289156627,0.9518072289156626,0.7710843373493976,0.27710843373493976,0.6265060240963856,3.644578313253012,13.867469879518072
1629716,Marques Bolden,Marques,Bolden,True,2.4444444444444446,0.2777777777777778,0.5,0.3333333333333333,0.2222222222222222,2.3333333333333335,8.5
1626164,Devin Booker,Devin,Booker,True,24.295986622073578,3.0351170568561874,0.2909698996655518,0.8528428093645485,5.005016722408027,4.035117056856187,34.03678929765886
1630527,Brandon Boston Jr.,Brandon,Boston Jr.,True,6.219047619047619,0.638095238095238,0.2,0.4380952380952381,0.8,1.838095238095238,12.895238095238096
1628449,Chris Boucher,Chris,Boucher,True,8.711484593837534,0.5378151260504201,1.0056022408963585,0.484593837535014,0.47058823529411764,5.2100840336134455,17.798319327731093
1630547,James Bouknight,James,Bouknight,True,4.848101265822785,0.620253164556962,0.08860759493670886,0.27848101265822783,0.9240506329113924,1.6835443037974684,11.405063291139241
1631103,Malaki Branham,Malaki,Branham,True,9.666666666666666,1.1843971631205674,0.10638297872340426,0.425531914893617,2.00709219858156,2.3333333333333335,22.29787234042553
1631128,Christian Braun,Christian,Braun,True,6.075949367088608,0.569620253164557,0.3291139240506329,0.5253164556962026,1.2088607594936709,3.0822784810126582,17.955696202531644
1628969,Mikal Bridges,Mikal,Bridges,True,14.261603375527427,1.1793248945147679,0.5780590717299579,1.2130801687763713,2.5548523206751055,4.109704641350211,32.65611814345991
1628970,Miles Bridges,Miles,Bridges,True,14.838888888888889,1.4972222222222222,0.6916666666666667,0.7722222222222223,2.463888888888889,5.961111111111111,30.67222222222222
1629052,Oshae Brissett,Oshae,Brissett,True,6.511013215859031,0.5506607929515418,0.31277533039647576,0.5242290748898678,0.8149779735682819,3.8634361233480177,17.3215859030837
1627763,Malcolm Brogdon,Malcolm,Brogdon,True,15.425968109339408,1.7107061503416856,0.23462414578587698,0.8132118451025057,4.687927107061504,4.159453302961276,29.42369020501139
1629717,Armoni Brooks,Armoni,Brooks,True,6.583333333333333,0.6190476190476191,0.20238095238095238,0.4880952380952381,1.1547619047619047,2.25,17.476190476190474
1628415,Dillon Brooks,Dillon,Brooks,True,14.189448441247002,1.5059952038369304,0.2589928057553957,0.9328537170263789,2.047961630695444,3.1630695443645083,29.05275779376499
1628971,Bruce Brown,Bruce,Brown,True,8.90625,1.1177884615384615,0.5120192307692307,0.9230769230769231,2.483173076923077,4.242788461538462,25.127403846153847
1627759,Jaylen Brown,Jaylen,Brown,True,18.58888888888889,2.064814814814815,0.387037037037037,0.9981481481481481,2.412962962962963,5.2592592592592595,30.19814814814815
1641738,Kobe Brown,Kobe,Brown,True,2.022727272727273,0.20454545454545456,0.13636363636363635,0.2727272727272727,0.5681818181818182,1.4090909090909092,8.954545454545455
1629650,Moses Brown,Moses,Brown,True,5.213333333333333,0.6133333333333333,0.5666666666666667,0.32,0.15333333333333332,5.046666666666667,11.946666666666667
1630535,Greg Brown III,Greg,Brown III,True,3.8285714285714287,0.6571428571428571,0.4714285714285714,0.42857142857142855,0.6,2.3285714285714287,11.042857142857143
1629718,Charlie Brown Jr.,Charlie,Brown Jr.,True,1.9591836734693877,0.32653061224489793,0.20408163265306123,0.32653061224489793,0.3469387755102041,1.1224489795918366,8.306122448979592
1628972,Troy Brown Jr.,Troy,Brown Jr.,True,6.168539325842697,0.6601123595505618,0.11797752808988764,0.6601123595505618,1.4269662921348314,3.6179775280898876,19.03370786516854
1628973,Jalen Brunson,Jalen,Brunson,True,16.898104265402843,1.6255924170616114,0.0947867298578199,0.6895734597156398,4.677725118483412,3.227488151658768,28.29383886255924
1628418,Thomas Bryant,Thomas,Bryant,True,9.47191011235955,0.7640449438202247,0.7228464419475655,0.3258426966292135,1.0224719101123596,5.4344569288389515,18.53183520599251
1641723,Kobe Bufkin,Kobe,Bufkin,True,4.764705882352941,0.5882352941176471,0.29411764705882354,0.4117647058823529,1.588235294117647,1.9411764705882353,11.529411764705882
203493,Reggie Bullock Jr.,Reggie,Bullock Jr.,True,7.264388489208633,0.5413669064748201,0.14568345323741008,0.5719424460431655,1.1636690647482015,2.6097122302158273,22.584532374100718
202692,Alec Burks,Alec,Burks,True,10.768194070080863,1.1778975741239892,0.20485175202156333,0.6792452830188679,1.9757412398921832,3.393530997304582,22.522911051212937
1630215,Jared Butler,Jared,Butler,True,5.1022727272727275,1.0,0.18181818181818182,0.5795454545454546,2.2386363636363638,1.2159090909090908,11.386363636363637
202710,Jimmy Butler,Jimmy,Butler,True,18.346437346437348,1.6277641277641277,0.44348894348894347,1.6253071253071254,4.267813267813268,5.3452088452088455,33.22235872235872
1631219,John Butler Jr.,John,Butler Jr.,True,2.3684210526315788,0.05263157894736842,0.47368421052631576,0.3684210526315789,0.5789473684210527,0.8947368421052632,11.631578947368421
1631288,Jamal Cain,Jamal,Cain,True,4.431818181818182,0.3181818181818182,0.13636363636363635,0.4772727272727273,0.5,2.022727272727273,11.340909090909092
203484,Kentavious Caldwell-Pope,Kentavious,Caldwell-Pope,True,11.376047904191617,1.0311377245508981,0.27664670658682633,1.1473053892215568,1.8155688622754491,3.0407185628742517,29.646706586826348
1641739,Toumani Camara,Toumani,Camara,True,7.5285714285714285,1.2,0.4714285714285714,0.9428571428571428,1.2428571428571429,4.9,24.84285714285714
1628427,Vlatko Cancar,Vlatko,Cancar,True,3.546153846153846,0.4846153846153846,0.15384615384615385,0.27692307692307694,0.8769230769230769,1.6846153846153846,10.707692307692307
203991,Clint Capela,Clint,Capela,True,12.25944170771757,1.0788177339901477,1.4745484400656814,0.6830870279146142,1.0082101806239738,10.699507389162562,26.645320197044335
1628975,Jevon Carter,Jevon,Carter,True,5.297872340425532,0.6090425531914894,0.2553191489361702,0.6090425531914894,1.625,1.7234042553191489,15.84840425531915
1628976,Wendell Carter Jr.,Wendell,Carter Jr.,True,12.53015873015873,1.6063492063492064,0.7619047619047619,0.6190476190476191,2.003174603174603,8.511111111111111,27.580952380952382
1627936,Alex Caruso,Alex,Caruso,True,6.818181818181818,1.2369146005509641,0.5041322314049587,1.2947658402203857,2.8677685950413223,2.8705234159779613,22.71900826446281
1630577,Julian Champagnie,Julian,Champagnie,True,7.351648351648351,0.7472527472527473,0.5164835164835165,0.5934065934065934,1.2417582417582418,2.923076923076923,19.64835164835165
1631108,Max Christie,Max,Christie,True,3.814814814814815,0.4444444444444444,0.2222222222222222,0.26851851851851855,0.75,2.009259259259259,13.49074074074074
1630528,Josh Christopher,Josh,Christopher,True,6.949275362318841,1.2608695652173914,0.2028985507246377,0.7101449275362319,1.6159420289855073,1.8623188405797102,15.36231884057971
1631321,Sidy Cissoko,Sidy,Cissoko,True,3.75,0.25,0.25,0.5833333333333334,0.8333333333333334,1.8333333333333333,11.75
1629634,Brandon Clarke,Brandon,Clarke,True,10.707818930041153,0.7407407407407407,0.8641975308641975,0.6995884773662552,1.4115226337448559,5.584362139917696,21.337448559670783
203903,Jordan Clarkson,Jordan,Clarkson,True,15.962290502793296,1.8575418994413408,0.1494413407821229,0.8142458100558659,2.8952513966480447,3.3589385474860336,27.738826815642458
1629651,Nic Claxton,Nic,Claxton,True,10.33195020746888,1.053941908713693,1.8008298755186722,0.6597510373443983,1.5684647302904564,7.809128630705394,25.485477178423235
1641730,Noah Clowney,Noah,Clowney,True,5.782608695652174,0.6521739130434783,0.6956521739130435,0.34782608695652173,0.782608695652174,3.5217391304347827,16.08695652173913
1629599,Amir Coffey,Amir,Coffey,True,5.7848605577689245,0.4860557768924303,0.14342629482071714,0.40239043824701193,1.151394422310757,1.8247011952191234,16.760956175298805
1628381,John Collins,John,Collins,True,15.729166666666666,1.4375,1.0138888888888888,0.5763888888888888,1.4282407407407407,8.050925925925926,28.97685185185185
1628380,Zach Collins,Zach,Collins,True,8.299363057324841,1.4490445859872612,0.7197452229299363,0.4171974522292994,1.8280254777070064,4.901273885350318,19.61783439490446
201144,Mike Conley,Mike,Conley,True,14.430517711171662,1.9118982742960944,0.20708446866485014,1.3841961852861036,5.727520435967302,2.971843778383288,31.643051771117165
1626192,Pat Connaughton,Pat,Connaughton,True,6.0703971119133575,0.5505415162454874,0.26714801444043323,0.49458483754512633,1.3700361010830324,3.454873646209386,19.55956678700361
1641731,Bilal Coulibaly,Bilal,Coulibaly,True,8.444444444444445,1.380952380952381,0.7619047619047619,0.9047619047619048,1.746031746031746,4.063492063492063,27.22222222222222
1641741,Ricky Council IV,Ricky,Council IV,True,5.40625,0.15625,0.03125,0.25,0.5,1.4375,9.03125
203496,Robert Covington,Robert,Covington,True,10.809446254071661,1.4022801302931596,0.9413680781758957,1.5276872964169381,1.4397394136807817,5.513029315960912,28.22801302931596
1628470,Torrey Craig,Torrey,Craig,True,5.993055555555555,0.6620370370370371,0.5625,0.5231481481481481,1.0625,4.002314814814815,19.90740740740741
203109,Jae Crowder,Jae,Crowder,True,9.330012453300125,0.8343711083437111,0.33499377334993774,0.9788293897882939,1.5877957658779576,4.198007471980075,24.97758405977584
1630595,Cade Cunningham,Cade,Cunningham,True,19.985507246376812,3.5144927536231885,0.5217391304347826,1.0434782608695652,6.463768115942029,5.043478260869565,33.05797101449275
203552,Seth Curry,Seth,Curry,True,10.439834024896266,1.0311203319502074,0.13692946058091288,0.6887966804979253,2.0228215767634854,2.0975103734439835,23.475103734439834
201939,Stephen Curry,Stephen,Curry,True,24.757322175732217,3.1244769874476988,0.24581589958158995,1.540794979079498,6.400627615062762,4.71652719665272,34.23012552301255
1630700,Dyson Daniels,Dyson,Daniels,True,4.841666666666667,0.9666666666666667,0.3,1.0666666666666667,2.4833333333333334,3.533333333333333,20.008333333333333
203076,Anthony Davis,Anthony,Davis,True,24.07201086956522,1.983695652173913,2.316576086956522,1.3233695652173914,2.483695652173913,10.63179347826087,34.52445652173913
1631098,Johnny Davis,Johnny,Davis,True,4.038461538461538,0.38461538461538464,0.23076923076923078,0.358974358974359,0.7692307692307693,1.7564102564102564,13.282051282051283
201942,DeMar DeRozan,DeMar,DeRozan,True,21.245045045045046,2.0486486486486486,0.32522522522522523,0.9981981981981982,4.078378378378378,4.423423423423423,34.648648648648646
1628978,Donte DiVincenzo,Donte,DiVincenzo,True,10.581920903954803,1.4039548022598871,0.268361581920904,1.192090395480226,2.751412429378531,4.392655367231638,25.443502824858758
1641711,Gradey Dick,Gradey,Dick,True,8.5,0.8333333333333334,0.03333333333333333,0.5666666666666667,1.1333333333333333,2.2,21.133333333333333
1631172,Ousmane Dieng,Ousmane,Dieng,True,4.527777777777778,0.625,0.16666666666666666,0.3055555555555556,1.1527777777777777,2.1666666666666665,12.972222222222221
203915,Spencer Dinwiddie,Spencer,Dinwiddie,True,13.29520295202952,1.669741697416974,0.2767527675276753,0.6974169741697417,5.173431734317343,3.029520295202952,27.83210332103321
1629029,Luka Doncic,Luka,Doncic,True,28.675,3.995,0.455,1.1675,8.2925,8.68,34.8575
1629652,Luguentz Dort,Luguentz,Dort,True,12.75,1.2157534246575343,0.3801369863013699,0.9212328767123288,1.6095890410958904,3.8013698630136985,29.27054794520548
1630245,Ayo Dosunmu,Ayo,Dosunmu,True,9.82832618025751,1.3304721030042919,0.3905579399141631,0.8154506437768241,3.0214592274678114,2.7896995708154506,27.553648068669528
203083,Andre Drummond,Andre,Drummond,True,12.731481481481481,1.8136574074074074,1.3078703703703705,1.2662037037037037,1.2418981481481481,12.350694444444445,27.16087962962963
1630537,Chris Duarte,Chris,Duarte,True,8.2,0.98125,0.16875,0.68125,1.3875,2.79375,19.7375
1627739,Kris Dunn,Kris,Dunn,True,7.933933933933934,1.6816816816816818,0.43243243243243246,1.4084084084084083,4.225225225225225,3.315315315315315,23.165165165165167
201142,Kevin Durant,Kevin,Durant,True,27.261074458058435,3.170593779453346,1.127238454288407,1.05937794533459,4.3779453345900095,7.025447690857681,36.73044297832234
1631105,Jalen Duren,Jalen,Duren,True,11.3515625,1.7265625,0.828125,0.6015625,1.734375,10.1875,26.9375
1631106,Tari Eason,Tari,Eason,True,9.375,1.1634615384615385,0.6346153846153846,1.2211538461538463,1.1057692307692308,6.240384615384615,21.60576923076923
1630162,Anthony Edwards,Anthony,Edwards,True,22.91390728476821,2.814569536423841,0.6026490066225165,1.3675496688741722,4.1092715231788075,5.188741721854305,34.41059602649007
1630556,Kessler Edwards,Kessler,Edwards,True,3.4565217391304346,0.427536231884058,0.2463768115942029,0.38405797101449274,0.5,1.9927536231884058,11.942028985507246
1631165,Keon Ellis,Keon,Ellis,True,4.575342465753424,0.5205479452054794,0.410958904109589,0.7671232876712328,1.2465753424657535,1.8082191780821917,14.36986301369863
203954,Joel Embiid,Joel,Embiid,True,27.87759815242494,3.4295612009237875,1.6628175519630486,0.9168591224018475,3.632794457274827,11.159353348729793,31.94688221709007
1629234,Drew Eubanks,Drew,Eubanks,True,5.8885448916408665,0.8761609907120743,0.848297213622291,0.38080495356037153,0.9752321981424149,4.588235294117647,15.907120743034056
203957,Dante Exum,Dante,Exum,True,6.056666666666667,1.19,0.16333333333333333,0.41,2.24,1.9666666666666666,18.776666666666667
1628981,Bruno Fernando,Bruno,Fernando,True,4.009852216748769,0.7192118226600985,0.458128078817734,0.2660098522167488,0.7044334975369458,3.2561576354679804,10.733990147783251
1627827,Dorian Finney-Smith,Dorian,Finney-Smith,True,8.257575757575758,0.8674242424242424,0.4583333333333333,0.8087121212121212,1.441287878787879,4.59280303030303,27.84659090909091
1630201,Malachi Flynn,Malachi,Flynn,True,5.483568075117371,0.676056338028169,0.107981220657277,0.5492957746478874,1.9107981220657277,1.732394366197183,14.234741784037558
1631323,Simone Fontecchio,Simone,Fontecchio,True,8.64406779661017,0.9067796610169492,0.2627118644067797,0.5,1.2118644067796611,2.8135593220338984,20.423728813559322
1630235,Trent Forrest,Trent,Forrest,True,2.7682119205298013,0.6887417218543046,0.09933774834437085,0.37748344370860926,1.8609271523178808,1.5298013245033113,11.642384105960264
203095,Evan Fournier,Evan,Fournier,True,13.646306818181818,1.5383522727272727,0.1534090909090909,0.8735795454545454,2.5,2.6676136363636362,27.71875
1628368,De'Aaron Fox,De'Aaron,Fox,True,21.19402985074627,2.718550106609808,0.417910447761194,1.4179104477611941,6.119402985074627,3.8038379530916844,32.87846481876333
1631241,Javon Freeman-Liberty,Javon,Freeman-Liberty,True,6.954545454545454,1.1363636363636365,0.18181818181818182,0.45454545454545453,1.8181818181818181,3.1818181818181817,18.318181818181817
1628365,Markelle Fultz,Markelle,Fultz,True,11.08974358974359,1.8632478632478633,0.2905982905982906,1.1794871794871795,4.632478632478633,3.405982905982906,25.38034188034188
1629655,Daniel Gafford,Daniel,Gafford,True,8.710280373831775,0.9158878504672897,1.5015576323987538,0.5202492211838006,0.9875389408099688,5.417445482866044,19.510903426791277
201568,Danilo Gallinari,Danilo,Gallinari,True,14.938223938223938,1.1685971685971686,0.34491634491634493,0.7091377091377091,1.8906048906048907,4.656370656370656,28.83912483912484
1629636,Darius Garland,Darius,Garland,True,18.436482084690553,3.0553745928338762,0.10749185667752444,1.1596091205211727,6.684039087947883,2.6091205211726383,33.846905537459286
1630586,Usman Garuba,Usman,Garuba,True,2.6285714285714286,0.5238095238095238,0.4095238095238095,0.5238095238095238,0.780952380952381,3.780952380952381,11.685714285714285
1630568,Luka Garza,Luka,Garza,True,5.482352941176471,0.4470588235294118,0.10588235294117647,0.18823529411764706,0.49411764705882355,2.2823529411764705,8.870588235294118
1641718,Keyonte George,Keyonte,George,True,12.986666666666666,2.506666666666667,0.09333333333333334,0.48,4.426666666666667,2.8133333333333335,26.973333333333333
202331,Paul George,Paul,George,True,20.798154555940023,2.6724336793540946,0.43944636678200694,1.6885813148788926,3.6805074971164937,6.3033448673587085,33.65859284890427
1630581,Josh Giddey,Josh,Giddey,True,13.904761904761905,2.619047619047619,0.4523809523809524,0.7571428571428571,5.714285714285714,7.304761904761905,28.947619047619046
1628385,Harry Giles III,Harry,Giles III,True,5.381818181818182,0.8666666666666667,0.3393939393939394,0.38181818181818183,1.0909090909090908,3.4727272727272727,11.727272727272727
1628983,Shai Gilgeous-Alexander,Shai,Gilgeous-Alexander,True,22.82383419689119,2.3031088082901556,0.7590673575129534,1.3860103626943006,4.860103626943006,4.746113989637306,32.880829015544045
1630264,Anthony Gill,Anthony,Gill,True,3.5977653631284916,0.3575418994413408,0.2122905027932961,0.19553072625698323,0.5921787709497207,1.8379888268156424,9.905027932960893
1631221,Collin Gillespie,Collin,Gillespie,True,3.625,0.5833333333333334,0.0,0.5416666666666666,1.125,0.875,9.375
1631367,Jacob Gilyard,Jacob,Gilyard,True,4.190476190476191,0.7619047619047619,0.11904761904761904,0.8571428571428571,3.4285714285714284,1.1904761904761905,17.595238095238095
203497,Rudy Gobert,Rudy,Gobert,True,12.67107001321004,1.6486129458388374,2.132100396301189,0.6869220607661823,1.3157199471598415,11.77675033025099,30.438573315719946
1630692,Jordan Goodwin,Jordan,Goodwin,True,6.404958677685951,0.9338842975206612,0.36363636363636365,0.8760330578512396,2.669421487603306,3.793388429752066,17.90909090909091
203932,Aaron Gordon,Aaron,Gordon,True,13.466367713004484,1.4872944693572496,0.6442451420029895,0.7458893871449925,2.6532137518684604,6.318385650224215,29.33931240657698
201569,Eric Gordon,Eric,Gordon,True,15.65237020316027,1.8600451467268624,0.35327313769751695,0.8465011286681715,2.7573363431151243,2.3329571106094806,31.73476297968397
1628984,Devonte' Graham,Devonte',Graham,True,11.110119047619047,1.3988095238095237,0.15773809523809523,0.7678571428571429,4.309523809523809,2.255952380952381,24.87797619047619
203924,Jerami Grant,Jerami,Grant,True,13.022321428571429,1.2633928571428572,1.0446428571428572,0.6607142857142857,1.5610119047619047,3.962797619047619,27.574404761904763
1631260,AJ Green,AJ,Green,True,4.461538461538462,0.23076923076923078,0.04395604395604396,0.16483516483516483,0.5714285714285714,1.1978021978021978,10.538461538461538
201980,Danny Green,Danny,Green,True,8.658653846153847,0.9915865384615384,0.7620192307692307,1.0252403846153846,1.5348557692307692,3.3978365384615383,25.11778846153846
203110,Draymond Green,Draymond,Green,True,8.674046740467405,2.2792127921279213,1.006150061500615,1.3333333333333333,5.6150061500615,6.977859778597786,28.658056580565805
1630224,Jalen Green,Jalen,Green,True,19.77777777777778,2.3377777777777777,0.28444444444444444,0.7511111111111111,3.3244444444444445,4.1466666666666665,32.626666666666665
201145,Jeff Green,Jeff,Green,True,12.017721518987342,1.3274261603375528,0.49535864978902955,0.6354430379746835,1.4886075949367088,4.0708860759493675,27.732489451476795
1630182,Josh Green,Josh,Green,True,6.434977578475336,0.8654708520179372,0.13901345291479822,0.672645739910314,1.5246636771300448,2.713004484304933,20.30493273542601
1631100,AJ Griffin,AJ,Griffin,True,7.467391304347826,0.5434782608695652,0.15217391304347827,0.4673913043478261,0.8478260869565217,1.858695652173913,17.08695652173913
1629656,Quentin Grimes,Quentin,Grimes,True,8.529761904761905,0.7440476190476191,0.2619047619047619,0.6726190476190477,1.5476190476190477,2.517857142857143,23.404761904761905
1631243,Mouhamed Gueye,Mouhamed,Gueye,True,4.0,0.16666666666666666,0.6666666666666666,0.8333333333333334,0.6666666666666666,3.6666666666666665,12.166666666666666
1629060,Rui Hachimura,Rui,Hachimura,True,12.744604316546763,0.9100719424460432,0.2697841726618705,0.5899280575539568,1.2805755395683454,4.830935251798561,26.892086330935253
1630169,Tyrese Haliburton,Tyrese,Haliburton,True,17.24230769230769,2.273076923076923,0.5769230769230769,1.4807692307692308,8.746153846153845,3.6923076923076925,32.86923076923077
1630181,R.J. Hampton,R.J.,Hampton,True,6.794117647058823,1.088235294117647,0.18823529411764706,0.5294117647058824,1.8058823529411765,2.7411764705882353,18.32941176470588
203501,Tim Hardaway Jr.,Tim,Hardaway Jr.,True,14.004076086956522,1.0203804347826086,0.13722826086956522,0.6209239130434783,1.8519021739130435,2.9279891304347827,27.32336956521739
201935,James Harden,James,Harden,True,24.146455223880597,3.655783582089552,0.5597014925373134,1.4897388059701493,7.11660447761194,5.612873134328358,34.72108208955224
1630702,Jaden Hardy,Jaden,Hardy,True,7.851239669421488,0.8925619834710744,0.09090909090909091,0.32231404958677684,1.43801652892562,1.8181818181818181,14.03305785123967
203914,Gary Harris,Gary,Harris,True,11.043859649122806,1.080701754385965,0.22280701754385965,1.1245614035087719,1.949122807017544,2.3701754385964913,27.99298245614035
203925,Joe Harris,Joe,Harris,True,10.287698412698413,1.0357142857142858,0.1884920634920635,0.4781746031746032,1.5674603174603174,3.017857142857143,24.40277777777778
1630284,Kevon Harris,Kevon,Harris,True,4.027777777777778,0.6111111111111112,0.1388888888888889,0.4722222222222222,0.4722222222222222,2.0,12.86111111111111
202699,Tobias Harris,Tobias,Harris,True,16.27870680044593,1.403567447045708,0.5373467112597548,0.7748049052396878,2.3756967670011147,6.172798216276477,31.68561872909699
1628404,Josh Hart,Josh,Hart,True,9.76158940397351,1.2759381898454747,0.32671081677704195,0.9624724061810155,2.726269315673289,6.554083885209713,29.20971302428256
1628392,Isaiah Hartenstein,Isaiah,Hartenstein,True,6.046583850931677,0.9813664596273292,0.8975155279503105,0.6987577639751553,1.670807453416149,5.627329192546584,17.972049689440993
1630573,Sam Hauser,Sam,Hauser,True,6.967567567567568,0.34594594594594597,0.2594594594594595,0.3783783783783784,0.8810810810810811,2.7513513513513512,17.232432432432432
1641722,Jordan Hawkins,Jordan,Hawkins,True,7.82089552238806,0.5970149253731343,0.1044776119402985,0.2835820895522388,1.044776119402985,2.208955223880597,17.328358208955223
1629637,Jaxson Hayes,Jaxson,Hayes,True,6.787781350482315,0.707395498392283,0.6302250803858521,0.4437299035369775,0.6463022508038585,3.77491961414791,15.845659163987138
1630165,Killian Hayes,Killian,Hayes,True,8.114285714285714,1.9904761904761905,0.44285714285714284,1.1666666666666667,5.190476190476191,2.947619047619048,26.090476190476192
202330,Gordon Hayward,Gordon,Hayward,True,15.194011976047904,1.912574850299401,0.3844311377245509,0.9676646706586827,3.5209580838323356,4.42874251497006,30.722155688622756
1630703,Scoot Henderson,Scoot,Henderson,True,14.0,3.4193548387096775,0.20967741935483872,0.7741935483870968,5.419354838709677,3.129032258064516,28.467741935483872
1641707,Taylor Hendricks,Taylor,Hendricks,True,7.3,0.675,0.75,0.7,0.8,4.625,21.4
1629639,Tyler Herro,Tyler,Herro,True,18.12323943661972,2.158450704225352,0.18661971830985916,0.6830985915492958,3.647887323943662,4.940140845070423,31.820422535211268
1627741,Buddy Hield,Buddy,Hield,True,15.537974683544304,1.6835443037974684,0.3227848101265823,0.8623417721518988,2.596518987341772,4.227848101265823,28.98259493670886
1629312,Haywood Highsmith,Haywood,Highsmith,True,4.8125,0.5763888888888888,0.3472222222222222,0.6388888888888888,0.8402777777777778,2.9791666666666665,17.625
1628988,Aaron Holiday,Aaron,Holiday,True,6.624352331606218,0.9067357512953368,0.17875647668393782,0.6295336787564767,2.116580310880829,1.6347150259067358,17.033678756476682
201950,Jrue Holiday,Jrue,Holiday,True,16.13948717948718,2.6625641025641027,0.521025641025641,1.4430769230769231,6.36,4.17948717948718,33.08923076923077
203200,Justin Holiday,Justin,Holiday,True,8.005882352941176,0.8,0.4161764705882353,0.9029411764705882,1.423529411764706,2.6852941176470586,23.113235294117647
1626158,Richaun Holmes,Richaun,Holmes,True,8.589519650655022,0.8406113537117904,0.9301310043668122,0.5109170305676856,0.9541484716157205,5.3034934497816595,19.26419213973799
1631096,Chet Holmgren,Chet,Holmgren,True,16.548780487804876,1.5975609756097562,2.317073170731707,0.6463414634146342,2.4390243902439024,7.902439024390244,29.426829268292682
201143,Al Horford,Al,Horford,True,13.141929499072356,1.4128014842300556,1.1586270871985158,0.7699443413729128,3.2476808905380334,7.954545454545454,31.780148423005567
1629659,Talen Horton-Tucker,Talen,Horton-Tucker,True,9.838056680161943,1.5546558704453441,0.4008097165991903,0.8744939271255061,3.11336032388664,2.834008097165992,21.125506072874494
1627863,Danuel House Jr.,Danuel,House Jr.,True,7.329931972789115,0.7278911564625851,0.3333333333333333,0.5612244897959183,1.1394557823129252,2.989795918367347,21.3265306122449
1631216,Caleb Houstan,Caleb,Houstan,True,4.054545454545455,0.3090909090909091,0.1,0.24545454545454545,0.5363636363636364,1.6636363636363636,14.8
1628989,Kevin Huerter,Kevin,Huerter,True,11.912832929782082,1.2493946731234866,0.34624697336561744,0.9152542372881356,3.046004842615012,3.469733656174334,28.784503631961257
1629631,De'Andre Hunter,De'Andre,Hunter,True,14.262357414448669,1.391634980988593,0.3193916349809886,0.6615969581749049,1.5399239543726235,4.098859315589354,30.722433460076047
1630538,Bones Hyland,Bones,Hyland,True,9.95679012345679,1.308641975308642,0.24074074074074073,0.654320987654321,2.814814814814815,2.3333333333333335,18.123456790123456
204060,Joe Ingles,Joe,Ingles,True,8.106534090909092,1.4900568181818181,0.1434659090909091,0.8806818181818182,3.6448863636363638,3.102272727272727,24.673295454545453
1627742,Brandon Ingram,Brandon,Ingram,True,19.40461215932914,2.5136268343815513,0.5639412997903563,0.7169811320754716,4.270440251572327,5.169811320754717,32.9559748427673
202681,Kyrie Irving,Kyrie,Irving,True,23.59259259259259,2.511659807956104,0.43072702331961593,1.3113854595336076,5.670781893004115,4.023319615912208,34.396433470507546
1628371,Jonathan Isaac,Jonathan,Isaac,True,8.37560975609756,0.8878048780487805,1.3658536585365855,0.9853658536585366,0.8878048780487805,5.097560975609756,22.195121951219512
1631093,Jaden Ivey,Jaden,Ivey,True,15.821192052980132,2.827814569536424,0.3841059602649007,0.7814569536423841,4.52317880794702,3.6556291390728477,29.94701986754967
1641713,GG Jackson,GG,Jackson,True,14.5625,1.3541666666666667,0.5,0.5833333333333334,1.2291666666666667,4.083333333333333,25.6875
1630543,Isaiah Jackson,Isaiah,Jackson,True,7.138364779874214,0.8176100628930818,1.2955974842767295,0.5660377358490566,0.6981132075471698,4.2075471698113205,14.80503144654088
202704,Reggie Jackson,Reggie,Jackson,True,12.55451348182884,1.8124267291910903,0.1254396248534584,0.6764361078546307,4.174677608440797,2.8382180539273154,25.17584994138335
1641748,Andre Jackson Jr.,Andre,Jackson Jr.,True,2.192982456140351,0.49122807017543857,0.10526315789473684,0.2807017543859649,0.8771929824561403,1.9824561403508771,10.035087719298245
1628991,Jaren Jackson Jr.,Jaren,Jackson Jr.,True,17.64864864864865,1.8288288288288288,1.993993993993994,0.9669669669669669,1.3633633633633633,5.528528528528528,28.32732732732733
1631218,Trayce Jackson-Davis,Trayce,Jackson-Davis,True,7.9411764705882355,0.7205882352941176,1.1176470588235294,0.4264705882352941,1.2058823529411764,5.014705882352941,16.61764705882353
2544,LeBron James,LeBron,James,True,27.12734584450402,3.492627345844504,0.7446380697050938,1.524798927613941,7.378686327077748,7.496648793565684,37.93230563002681
1631170,Jaime Jaquez Jr.,Jaime,Jaquez Jr.,True,11.853333333333333,1.4666666666666666,0.26666666666666666,1.0266666666666666,2.6,3.8,28.173333333333332
1629610,DaQuan Jeffries,DaQuan,Jeffries,True,3.015625,0.296875,0.1875,0.296875,0.546875,1.5,10.765625
1629660,Ty Jerome,Ty,Jerome,True,6.968553459119497,0.8364779874213837,0.11949685534591195,0.5534591194968553,2.5849056603773586,1.849056603773585,17.27672955974843
1630198,Isaiah Joe,Isaiah,Joe,True,6.793522267206478,0.46963562753036436,0.14979757085020243,0.48582995951417,0.979757085020243,1.8097165991902835,15.518218623481781
1629661,Cameron Johnson,Cameron,Johnson,True,11.749116607773852,0.7526501766784452,0.2862190812720848,0.8091872791519434,1.6607773851590106,3.8692579505300353,25.519434628975265
1630552,Jalen Johnson,Jalen,Johnson,True,9.074324324324325,1.0202702702702702,0.5608108108108109,0.7297297297297297,1.9527027027027026,5.378378378378378,20.614864864864863
1629640,Keldon Johnson,Keldon,Johnson,True,16.320819112627987,1.42320819112628,0.24232081911262798,0.7133105802047781,2.2935153583617747,5.532423208191126,29.90443686006826
1630553,Keon Johnson,Keon,Johnson,True,5.939024390243903,1.146341463414634,0.23170731707317074,0.6097560975609756,1.6829268292682926,1.6097560975609757,14.317073170731707
203999,Nikola Jokic,Nikola,Jokic,True,20.946666666666665,2.882962962962963,0.7274074074074074,1.2177777777777778,6.914074074074074,10.73925925925926,31.22222222222222
1627745,Damian Jones,Damian,Jones,True,4.896057347670251,0.6272401433691757,0.6523297491039427,0.32974910394265233,0.6917562724014337,3.1146953405017923,13.548387096774194
1630529,Herbert Jones,Herbert,Jones,True,10.127272727272727,1.2772727272727273,0.7454545454545455,1.5363636363636364,2.4,3.8045454545454547,30.03181818181818
1630200,Tre Jones,Tre,Jones,True,8.577689243027889,1.1354581673306774,0.099601593625498,0.8645418326693227,4.772908366533865,2.8286852589641436,22.067729083665338
1626145,Tyus Jones,Tyus,Jones,True,7.35440931780366,0.7753743760399334,0.09484193011647254,0.9950083194675541,4.314475873544093,1.9600665557404326,20.384359400998335
1627884,Derrick Jones Jr.,Derrick,Jones Jr.,True,6.688095238095238,0.5833333333333334,0.669047619047619,0.6333333333333333,0.7285714285714285,3.2547619047619047,19.554761904761904
201599,DeAndre Jordan,DeAndre,Jordan,True,8.790521327014218,1.328909952606635,1.4597156398104265,0.5260663507109005,0.9402843601895735,9.953554502369668,25.760189573459716
202709,Cory Joseph,Cory,Joseph,True,6.925245098039215,1.0196078431372548,0.2193627450980392,0.7352941176470589,2.9963235294117645,2.4754901960784315,21.672794117647058
1631107,Nikola Jovic,Nikola,Jovic,True,7.114754098360656,0.8524590163934426,0.26229508196721313,0.5245901639344263,1.639344262295082,3.6557377049180326,18.049180327868854
1630548,Johnny Juzang,Johnny,Juzang,True,6.078947368421052,0.42105263157894735,0.13157894736842105,0.21052631578947367,0.8157894736842105,1.9736842105263157,15.894736842105264
1628379,Luke Kennard,Luke,Kennard,True,9.977215189873418,0.9544303797468354,0.1291139240506329,0.5037974683544304,2.1012658227848102,2.830379746835443,23.51139240506329
1631117,Walker Kessler,Walker,Kessler,True,8.673913043478262,0.8985507246376812,2.369565217391304,0.4057971014492754,0.9347826086956522,7.978260869565218,23.159420289855074
1630557,Corey Kispert,Corey,Kispert,True,10.926406926406926,0.8787878787878788,0.20346320346320346,0.4675324675324675,1.41991341991342,2.774891774891775,25.80952380952381
1628467,Maxi Kleber,Maxi,Kleber,True,6.694581280788177,0.6748768472906403,0.8891625615763546,0.4187192118226601,1.145320197044335,4.529556650246305,22.635467980295566
1628995,Kevin Knox II,Kevin,Knox II,True,7.437908496732026,0.8333333333333334,0.2581699346405229,0.3888888888888889,0.7450980392156863,2.8627450980392157,18.04901960784314
1631132,Christian Koloko,Christian,Koloko,True,3.1379310344827585,0.3448275862068966,0.9827586206896551,0.3620689655172414,0.5344827586206896,2.9482758620689653,13.827586206896552
1629723,John Konchar,John,Konchar,True,4.5440613026819925,0.524904214559387,0.421455938697318,0.8045977011494253,1.4865900383141764,4.103448275862069,18.06513409961686
1627788,Furkan Korkmaz,Furkan,Korkmaz,True,6.841463414634147,0.6524390243902439,0.13109756097560976,0.5426829268292683,1.1920731707317074,1.9695121951219512,16.60670731707317
1628436,Luke Kornet,Luke,Kornet,True,5.007142857142857,0.37142857142857144,0.8071428571428572,0.30357142857142855,0.9464285714285714,2.9892857142857143,13.95357142857143
1630228,Jonathan Kuminga,Jonathan,Kuminga,True,11.876777251184834,1.3791469194312795,0.4218009478672986,0.6018957345971564,1.6682464454976302,3.8862559241706163,21.46445497630332
1628398,Kyle Kuzma,Kyle,Kuzma,True,17.323529411764707,2.1596638655462184,0.5504201680672269,0.5630252100840336,2.7184873949579833,6.392857142857143,31.342436974789916
1631222,Jake LaRavia,Jake,LaRavia,True,6.914285714285715,0.9,0.22857142857142856,0.5857142857142857,1.1285714285714286,2.7285714285714286,17.428571428571427
203897,Zach LaVine,Zach,LaVine,True,20.458620689655174,2.6155172413793104,0.29482758620689653,0.8844827586206897,3.939655172413793,4.051724137931035,32.51379310344828
1629111,Jock Landale,Jock,Landale,True,5.558659217877095,0.6759776536312849,0.4301675977653631,0.2569832402234637,0.994413407821229,3.2960893854748603,13.022346368715084
1627747,Caris LeVert,Caris,LeVert,True,14.126086956521739,1.8304347826086957,0.358695652173913,1.067391304347826,4.108695652173913,3.865217391304348,28.16304347826087
1627814,Damion Lee,Damion,Lee,True,8.220689655172414,0.8206896551724138,0.09655172413793103,0.6517241379310345,1.4137931034482758,3.386206896551724,20.841379310344827
1630240,Saben Lee,Saben,Lee,True,5.201492537313433,0.917910447761194,0.21641791044776118,0.7014925373134329,2.8208955223880596,1.9402985074626866,14.5
203458,Alex Len,Alex,Len,True,7.040372670807454,1.1149068322981366,0.922360248447205,0.37111801242236025,0.8555900621118012,5.479813664596273,17.66304347826087
202695,Kawhi Leonard,Kawhi,Leonard,True,20.024425287356323,1.6379310344827587,0.6522988505747126,1.7183908045977012,3.045977011494253,6.383620689655173,31.75574712643678
1630184,Kira Lewis Jr.,Kira,Lewis Jr.,True,5.244274809160306,0.6412213740458015,0.11450381679389313,0.5190839694656488,1.7786259541984732,1.2900763358778626,13.320610687022901
203081,Damian Lillard,Damian,Lillard,True,25.119952494061756,2.82541567695962,0.30522565320665085,0.9548693586698337,6.720902612826603,4.2434679334916865,36.24346793349169
1629642,Nassir Little,Nassir,Little,True,5.540084388185654,0.5189873417721519,0.3924050632911392,0.3080168776371308,0.7172995780590717,2.9029535864978904,15.763713080168776
1641726,Dereck Lively II,Dereck,Lively II,True,8.781818181818181,0.9090909090909091,1.4,0.6545454545454545,1.0909090909090908,6.872727272727273,23.527272727272727
1630587,Isaiah Livers,Isaiah,Livers,True,6.180851063829787,0.648936170212766,0.425531914893617,0.574468085106383,0.925531914893617,2.6382978723404253,21.819148936170212
1631254,Kenneth Lofton Jr.,Kenneth,Lofton Jr.,True,4.8,0.5777777777777777,0.15555555555555556,0.24444444444444444,1.1777777777777778,1.9777777777777779,8.311111111111112
1626172,Kevon Looney,Kevon,Looney,True,5.034416826003824,0.5946462715105163,0.5449330783938815,0.4933078393881453,1.6022944550669216,5.60038240917782,17.52581261950287
201572,Brook Lopez,Brook,Lopez,True,16.074146341463415,1.626341463414634,1.8653658536585367,0.568780487804878,1.4351219512195121,6.1814634146341465,30.220487804878047
201577,Robin Lopez,Robin,Lopez,True,8.393145161290322,1.0715725806451613,1.0534274193548387,0.22076612903225806,0.8256048387096774,4.69758064516129,21.10483870967742
201567,Kevin Love,Kevin,Love,True,16.468245425188375,1.7922497308934338,0.39181916038751347,0.604951560818084,2.3143164693218514,10.121636167922498,29.33584499461787
200768,Kyle Lowry,Kyle,Lowry,True,14.251318101933217,2.290861159929701,0.29876977152899825,1.2882249560632688,6.15377855887522,4.300527240773286,31.654657293497365
1626168,Trey Lyles,Trey,Lyles,True,7.717728055077453,0.8227194492254734,0.35456110154905335,0.3769363166953528,1.0585197934595525,4.320137693631669,18.28227194492255
1630177,Theo Maledon,Theo,Maledon,True,7.757062146892656,1.5988700564971752,0.192090395480226,0.7401129943502824,2.926553672316384,2.76271186440678,21.203389830508474
1630572,Sandro Mamukelashvili,Sandro,Mamukelashvili,True,4.6692307692307695,0.5307692307692308,0.25384615384615383,0.23076923076923078,1.023076923076923,3.1846153846153844,11.676923076923076
1629611,Terance Mann,Terance,Mann,True,8.156521739130435,0.782608695652174,0.22028985507246376,0.5217391304347826,1.9391304347826086,3.628985507246377,22.281159420289853
1630544,Tre Mann,Tre,Mann,True,9.071428571428571,1.1785714285714286,0.15476190476190477,0.8214285714285714,2.238095238095238,2.8273809523809526,21.05952380952381
1626246,Boban Marjanovic,Boban,Marjanovic,True,5.54380664652568,0.6344410876132931,0.29003021148036257,0.18126888217522658,0.4652567975830816,3.59214501510574,8.709969788519638
1628374,Lauri Markkanen,Lauri,Markkanen,True,18.133995037220842,1.3870967741935485,0.5086848635235732,0.6972704714640199,1.456575682382134,7.253101736972705,30.970223325062033
1630230,Naji Marshall,Naji,Marshall,True,7.491304347826087,1.0695652173913044,0.19130434782608696,0.7043478260869566,2.0304347826086957,3.517391304347826,19.5
1628997,Caleb Martin,Caleb,Martin,True,8.454887218045112,0.9586466165413534,0.40977443609022557,0.8458646616541353,1.556390977443609,3.887218045112782,23.842105263157894
1628998,Cody Martin,Cody,Martin,True,5.995145631067961,0.9271844660194175,0.34951456310679613,0.970873786407767,2.3058252427184467,3.5776699029126213,21.864077669902912
1630231,KJ Martin,KJ,Martin,True,8.93984962406015,0.8308270676691729,0.462406015037594,0.4774436090225564,1.2142857142857142,4.2180451127819545,21.665413533834588
1629726,Garrison Mathews,Garrison,Mathews,True,6.307116104868914,0.36329588014981273,0.16853932584269662,0.5168539325842697,0.6104868913857678,1.7453183520599251,17.43820224719101
1631097,Bennedict Mathurin,Bennedict,Mathurin,True,15.751824817518248,1.8175182481751824,0.19708029197080293,0.6058394160583942,1.7153284671532847,4.029197080291971,27.452554744525546
202083,Wesley Matthews,Wesley,Matthews,True,11.369168356997971,1.0862068965517242,0.20689655172413793,0.9381338742393509,1.8691683569979716,2.7961460446247464,28.98580121703854
1630178,Tyrese Maxey,Tyrese,Maxey,True,18.169172932330827,1.2218045112781954,0.3233082706766917,0.7481203007518797,4.082706766917293,2.924812030075188,30.93233082706767
1630219,Skylar Mays,Skylar,Mays,True,4.295238095238095,0.4666666666666667,0.06666666666666667,0.45714285714285713,1.7333333333333334,1.161904761904762,10.58095238095238
1630540,Miles McBride,Miles,McBride,True,5.075581395348837,0.3488372093023256,0.09302325581395349,0.5872093023255814,1.319767441860465,1.1162790697674418,14.30232558139535
203468,CJ McCollum,CJ,McCollum,True,19.467852257181942,1.8057455540355678,0.4131326949384405,0.9001367989056087,3.8002735978112177,3.632010943912449,32.054719562243505
204456,T.J. McConnell,T.J.,McConnell,True,7.457735247208931,1.6220095693779903,0.17862838915470494,1.2216905901116428,5.089314194577352,2.9681020733652312,21.54385964912281
1630183,Jaden McDaniels,Jaden,McDaniels,True,9.80281690140845,1.130281690140845,0.8169014084507042,0.7887323943661971,1.4049295774647887,3.7183098591549295,27.588028169014084
1629667,Jalen McDaniels,Jalen,McDaniels,True,6.850806451612903,0.8669354838709677,0.3387096774193548,0.6612903225806451,1.1733870967741935,3.342741935483871,18.318548387096776
203926,Doug McDermott,Doug,McDermott,True,8.932824427480917,0.6564885496183206,0.09312977099236641,0.216793893129771,1.0030534351145037,2.187786259541985,20.198473282442748
201580,JaVale McGee,JaVale,McGee,True,7.598459845984599,0.9856985698569857,1.3839383938393839,0.3795379537953795,0.42464246424642466,5.035203520352035,16.145214521452147
1631121,Bryce McGowens,Bryce,McGowens,True,5.219047619047619,0.6952380952380952,0.1523809523809524,0.34285714285714286,1.0,1.8571428571428572,15.895238095238096
1629162,Jordan McLaughlin,Jordan,McLaughlin,True,4.43801652892562,0.7107438016528925,0.128099173553719,0.8636363636363636,3.12396694214876,1.5909090909090908,15.433884297520661
1629001,De'Anthony Melton,De'Anthony,Melton,True,9.054285714285715,1.3657142857142857,0.4857142857142857,1.4142857142857144,2.7742857142857145,3.702857142857143,22.931428571428572
1630241,Sam Merrill,Sam,Merrill,True,6.117647058823529,0.30392156862745096,0.049019607843137254,0.30392156862745096,1.3529411764705883,1.6274509803921569,13.901960784313726
1629002,Chimezie Metu,Chimezie,Metu,True,5.8538461538461535,0.7653846153846153,0.36538461538461536,0.5346153846153846,0.7576923076923077,3.4923076923076923,13.711538461538462
203995,Vasilije Micic,Vasilije,Micic,True,7.033333333333333,1.65,0.11666666666666667,0.5166666666666667,4.366666666666666,1.4666666666666666,19.6
203114,Khris Middleton,Khris,Middleton,True,16.861975642760488,2.1109607577807847,0.19350473612990526,1.1745602165087956,3.945872801082544,4.821380243572395,31.09742895805142
1641706,Brandon Miller,Brandon,Miller,True,17.283783783783782,1.7837837837837838,0.5675675675675675,0.8918918918918919,2.364864864864865,4.256756756756757,32.2027027027027
201988,Patty Mills,Patty,Mills,True,8.84865470852018,0.9461883408071748,0.08632286995515695,0.6367713004484304,2.2242152466367715,1.6468609865470851,20.173766816143498
1629003,Shake Milton,Shake,Milton,True,8.556291390728477,1.076158940397351,0.22847682119205298,0.4602649006622517,2.4966887417218544,2.248344370860927,19.41390728476821
1631303,Justin Minaya,Justin,Minaya,True,2.0526315789473686,0.34210526315789475,0.39473684210526316,0.2894736842105263,0.6578947368421053,1.868421052631579,12.368421052631579
1630558,Davion Mitchell,Davion,Mitchell,True,7.4449339207048455,0.9647577092511013,0.18502202643171806,0.5110132158590308,2.7841409691629955,1.6123348017621146,20.370044052863435
1628378,Donovan Mitchell,Donovan,Mitchell,True,24.826923076923077,2.7735042735042734,0.3333333333333333,1.3782051282051282,4.64957264957265,4.277777777777778,34.215811965811966
1630596,Evan Mobley,Evan,Mobley,True,15.636363636363637,1.8636363636363635,1.5454545454545454,0.8131313131313131,2.8181818181818183,8.833333333333334,33.22727272727273
1628370,Malik Monk,Malik,Monk,True,11.631004366812228,1.4956331877729259,0.29694323144104806,0.5589519650655022,2.8275109170305677,2.4716157205240177,21.59170305676856
1630541,Moses Moody,Moses,Moody,True,5.87292817679558,0.5027624309392266,0.2265193370165746,0.3701657458563536,0.7237569060773481,2.1049723756906076,14.25414364640884
1629630,Ja Morant,Ja,Morant,True,22.50194552529183,3.315175097276265,0.28793774319066145,0.9883268482490273,7.404669260700389,4.836575875486381,32.22568093385214
202693,Markieff Morris,Markieff,Morris,True,10.335051546391753,1.4381443298969072,0.48582474226804123,0.7628865979381443,1.5463917525773196,4.927835051546392,23.57860824742268
1628420,Monte Morris,Monte,Morris,True,9.992,0.76,0.18666666666666668,0.7546666666666667,3.832,2.458666666666667,24.637333333333334
202694,Marcus Morris Sr.,Marcus,Morris Sr.,True,11.977163461538462,1.1322115384615385,0.2860576923076923,0.6550480769230769,1.484375,4.435096153846154,26.55408653846154
1630530,Trey Murphy III,Trey,Murphy III,True,11.737373737373737,0.5606060606060606,0.3939393939393939,0.8232323232323232,1.3838383838383839,3.5757575757575757,25.262626262626263
1627749,Dejounte Murray,Dejounte,Murray,True,15.383474576271187,2.0233050847457625,0.2690677966101695,1.4364406779661016,5.27542372881356,5.773305084745763,29.095338983050848
1627750,Jamal Murray,Jamal,Murray,True,17.45628997867804,2.021321961620469,0.34968017057569295,0.9616204690831557,4.490405117270789,3.746268656716418,30.658848614072493
1631099,Keegan Murray,Keegan,Murray,True,13.681528662420382,0.7898089171974523,0.643312101910828,0.89171974522293,1.4458598726114649,5.038216560509555,31.656050955414013
1631200,Kris Murray,Kris,Murray,True,6.064516129032258,0.8870967741935484,0.3387096774193548,0.8548387096774194,1.2903225806451613,3.6129032258064515,21.741935483870968
203488,Mike Muscala,Mike,Muscala,True,5.850364963503649,0.551094890510949,0.45255474452554745,0.3175182481751825,0.8467153284671532,3.1003649635036497,15.036496350364963
1629004,Svi Mykhailiuk,Svi,Mykhailiuk,True,6.262798634812286,0.8122866894197952,0.08873720136518772,0.5392491467576792,1.31740614334471,1.7030716723549488,15.791808873720136
1626204,Larry Nance Jr.,Larry,Nance Jr.,True,7.664750957854406,0.9348659003831418,0.4885057471264368,1.1513409961685823,1.8754789272030652,6.203065134099617,23.226053639846743
1629614,Andrew Nembhard,Andrew,Nembhard,True,9.335664335664335,1.5874125874125875,0.13286713286713286,0.9300699300699301,4.3426573426573425,2.3776223776223775,26.363636363636363
1630174,Aaron Nesmith,Aaron,Nesmith,True,8.349794238683128,0.7942386831275721,0.3991769547325103,0.6378600823045267,1.0329218106995885,3.1604938271604937,20.79835390946502
1627777,Georges Niang,Georges,Niang,True,7.01505376344086,0.6387096774193548,0.13763440860215054,0.31827956989247314,0.9096774193548387,2.3268817204301073,16.76989247311828
1630227,Daishen Nix,Daishen,Nix,True,3.4375,1.21875,0.07291666666666667,0.53125,1.8541666666666667,1.3958333333333333,12.770833333333334
1630192,Zeke Nnaji,Zeke,Nnaji,True,4.479381443298969,0.4536082474226804,0.4020618556701031,0.28865979381443296,0.39690721649484534,2.4536082474226806,12.3659793814433
1628373,Frank Ntilikina,Frank,Ntilikina,True,4.781931464174455,1.02803738317757,0.205607476635514,0.6542056074766355,2.1588785046728973,1.7538940809968848,16.98753894080997
203994,Jusuf Nurkic,Jusuf,Nurkic,True,12.12987012987013,2.1595547309833023,1.137291280148423,0.9202226345083488,2.510204081632653,8.9443413729128,24.645640074211503
1629670,Jordan Nwora,Jordan,Nwora,True,7.592233009708738,0.970873786407767,0.2524271844660194,0.44660194174757284,1.0485436893203883,3.1990291262135924,16.300970873786408
1626220,Royce O'Neale,Royce,O'Neale,True,6.788571428571428,1.019047619047619,0.4361904761904762,0.7923809523809524,2.4247619047619047,4.807619047619047,26.438095238095237
1629643,Chuma Okeke,Chuma,Okeke,True,6.291005291005291,0.6772486772486772,0.43386243386243384,0.9153439153439153,1.4603174603174602,3.7248677248677247,20.26984126984127
1629006,Josh Okogie,Josh,Okogie,True,6.2712765957446805,0.8377659574468085,0.4175531914893617,0.9042553191489362,1.1888297872340425,2.970744680851064,19.486702127659573
1630168,Onyeka Okongwu,Onyeka,Okongwu,True,8.46351931330472,0.8540772532188842,1.1158798283261802,0.5836909871244635,0.9699570815450643,6.0,20.802575107296136
1630171,Isaac Okoro,Isaac,Okoro,True,8.498207885304659,0.8602150537634409,0.3942652329749104,0.8279569892473119,1.6774193548387097,2.867383512544803,27.57706093189964
203506,Victor Oladipo,Victor,Oladipo,True,16.871031746031747,2.511904761904762,0.45634920634920634,1.5972222222222223,3.9087301587301586,4.454365079365079,32.236111111111114
203482,Kelly Olynyk,Kelly,Olynyk,True,10.257936507936508,1.6005291005291005,0.4642857142857143,0.7923280423280423,2.443121693121693,5.182539682539683,22.63095238095238
1630647,Eugene Omoruyi,Eugene,Omoruyi,True,5.655172413793103,0.632183908045977,0.09195402298850575,0.632183908045977,0.7471264367816092,2.3333333333333335,12.137931034482758
1626224,Cedi Osman,Cedi,Osman,True,9.300420168067227,1.0147058823529411,0.14915966386554622,0.6554621848739496,1.9600840336134453,2.9642857142857144,22.722689075630253
1626162,Kelly Oubre Jr.,Kelly,Oubre Jr.,True,13.092436974789916,1.0890756302521007,0.49747899159663866,0.9983193277310924,1.0739495798319327,4.477310924369748,26.327731092436974
101108,Chris Paul,Chris,Paul,True,17.52201257861635,2.330188679245283,0.15723270440251572,2.0550314465408803,9.35062893081761,4.466981132075472,34.05267295597484
1626166,Cameron Payne,Cameron,Payne,True,7.908641975308642,1.1728395061728396,0.20246913580246914,0.6493827160493827,3.269135802469136,2.091358024691358,17.94074074074074
1627780,Gary Payton II,Gary,Payton II,True,5.197115384615385,0.5865384615384616,0.2932692307692308,1.0048076923076923,1.1009615384615385,2.7788461538461537,14.923076923076923
1641763,Julian Phillips,Julian,Phillips,True,2.225,0.25,0.175,0.175,0.325,0.9,8.075
203486,Mason Plumlee,Mason,Plumlee,True,8.377862595419847,1.4491094147582697,0.8346055979643766,0.7162849872773537,2.431297709923664,6.758269720101781,22.25699745547074
1641764,Brandin Podziemski,Brandin,Podziemski,True,9.216216216216216,1.1891891891891893,0.1891891891891892,0.8243243243243243,3.689189189189189,5.77027027027027,26.594594594594593
1627751,Jakob Poeltl,Jakob,Poeltl,True,8.340148698884759,1.1338289962825279,1.275092936802974,0.5855018587360595,1.7193308550185873,6.702602230483271,21.62453531598513
1630197,Aleksej Pokusevski,Aleksej,Pokusevski,True,7.458333333333333,1.5178571428571428,0.8095238095238095,0.5595238095238095,1.9464285714285714,4.630952380952381,20.410714285714285
1629673,Jordan Poole,Jordan,Poole,True,16.136627906976745,2.186046511627907,0.2558139534883721,0.7848837209302325,3.630813953488372,2.636627906976744,27.177325581395348
1641854,Craig Porter,Craig,Porter,True,5.588235294117647,0.8823529411764706,0.29411764705882354,0.4117647058823529,2.3137254901960786,2.1372549019607843,12.72549019607843
1629008,Michael Porter Jr.,Michael,Porter Jr.,True,15.667910447761194,1.1119402985074627,0.6082089552238806,0.582089552238806,1.1940298507462686,6.227611940298507,27.77238805970149
203490,Otto Porter Jr.,Otto,Porter Jr.,True,10.282732447817837,0.7571157495256167,0.41935483870967744,1.1119544592030361,1.4857685009487667,4.93168880455408,25.428842504743834
1626171,Bobby Portis,Bobby,Portis,True,11.798347107438017,1.0892561983471074,0.3652892561983471,0.5950413223140496,1.2330578512396695,7.064462809917355,22.58512396694215
204001,Kristaps Porzingis,Kristaps,Porzingis,True,19.65359477124183,1.7037037037037037,1.8431372549019607,0.7276688453159041,1.7995642701525054,7.851851851851852,30.925925925925927
1630695,Micah Potter,Micah,Potter,True,3.423076923076923,0.3076923076923077,0.2692307692307692,0.23076923076923078,0.38461538461538464,2.6153846153846154,10.346153846153847
203939,Dwight Powell,Dwight,Powell,True,7.138461538461539,0.6892307692307692,0.4430769230769231,0.6123076923076923,1.0415384615384615,4.426153846153846,18.483076923076922
1626181,Norman Powell,Norman,Powell,True,12.299820466786356,1.1938958707360863,0.2746858168761221,0.7791741472172352,1.4649910233393177,2.6175942549371634,23.30520646319569
1630563,Joshua Primo,Joshua,Primo,True,5.678571428571429,1.2857142857142858,0.4642857142857143,0.375,1.7678571428571428,2.267857142857143,19.089285714285715
1627752,Taurean Prince,Taurean,Prince,True,10.137450199203187,1.4362549800796813,0.4163346613545817,0.7948207171314741,1.6932270916334662,3.593625498007968,24.37649402390438
1630202,Payton Pritchard,Payton,Pritchard,True,7.52434456928839,0.7303370786516854,0.08239700374531835,0.4307116104868914,2.262172284644195,2.4157303370786516,17.741573033707866
1641765,Olivier-Maxence Prosper,Olivier-Maxence,Prosper,True,3.025,0.2,0.1,0.175,0.55,1.975,8.4
1630243,Trevelin Queen,Trevelin,Queen,True,3.3548387096774195,0.6774193548387096,0.3548387096774194,0.45161290322580644,0.9032258064516129,1.7096774193548387,9.96774193548387
1629674,Neemias Queta,Neemias,Queta,True,4.395833333333333,0.4166666666666667,0.6458333333333334,0.2916666666666667,0.5625,3.4166666666666665,10.041666666666666
1630193,Immanuel Quickley,Immanuel,Quickley,True,13.670103092783505,1.2302405498281788,0.13402061855670103,0.7353951890034365,3.47766323024055,3.3676975945017182,25.343642611683848
1631311,Lester Quinones,Lester,Quinones,True,4.2439024390243905,0.5365853658536586,0.04878048780487805,0.17073170731707318,0.926829268292683,1.829268292682927,10.073170731707316
203944,Julius Randle,Julius,Randle,True,19.078003120124805,2.8049921996879874,0.41809672386895474,0.6848673946957878,3.7238689547581902,9.36817472698908,32.0
1641871,Duop Reath,Duop,Reath,True,9.073529411764707,0.7647058823529411,0.5588235294117647,0.4852941176470588,0.9852941176470589,3.676470588235294,17.852941176470587
1630559,Austin Reaves,Austin,Reaves,True,12.44927536231884,1.5120772946859904,0.30917874396135264,0.6183574879227053,3.743961352657005,3.5652173913043477,28.454106280193237
1629629,Cam Reddish,Cam,Reddish,True,9.2579185520362,1.1990950226244343,0.36199095022624433,1.0316742081447965,1.244343891402715,2.769230769230769,23.923076923076923
1630194,Paul Reed,Paul,Reed,True,5.074418604651163,0.6232558139534884,0.7534883720930232,0.7255813953488373,0.7627906976744186,4.2,13.13953488372093
1629675,Naz Reid,Naz,Reid,True,10.923312883435583,1.1533742331288344,0.9049079754601227,0.6073619631901841,1.107361963190184,4.610429447852761,19.23926380368098
1631197,Jared Rhoden,Jared,Rhoden,True,4.129032258064516,0.3225806451612903,0.45161290322580644,0.22580645161290322,0.5806451612903226,2.2580645161290325,14.290322580645162
1630208,Nick Richards,Nick,Richards,True,6.745,0.795,0.83,0.23,0.535,5.26,17.03
1626196,Josh Richardson,Josh,Richardson,True,11.628205128205128,1.326007326007326,0.5421245421245421,1.021978021978022,2.6575091575091574,3.0641025641025643,28.69047619047619
1629130,Duncan Robinson,Duncan,Robinson,True,11.406876790830946,0.9684813753581661,0.1977077363896848,0.5300859598853869,1.7220630372492836,2.7106017191977076,26.43839541547278
1629010,Jerome Robinson,Jerome,Robinson,True,4.037037037037037,0.6148148148148148,0.21481481481481482,0.3851851851851852,1.0074074074074073,1.5851851851851853,12.488888888888889
1629011,Mitchell Robinson,Mitchell,Robinson,True,7.965625,0.7,1.88125,0.90625,0.621875,7.93125,24.46875
1631115,Orlando Robinson,Orlando,Robinson,True,3.208955223880597,0.5074626865671642,0.29850746268656714,0.2835820895522388,0.8805970149253731,3.1343283582089554,10.880597014925373
1630526,Jeremiah Robinson-Earl,Jeremiah,Robinson-Earl,True,5.900763358778626,0.5648854961832062,0.22900763358778625,0.48091603053435117,0.8625954198473282,4.0458015267175576,17.061068702290076
1631223,David Roddy,David,Roddy,True,6.6,0.8444444444444444,0.2222222222222222,0.4148148148148148,1.0296296296296297,2.9925925925925925,18.044444444444444
201565,Derrick Rose,Derrick,Rose,True,17.390041493775932,2.4149377593360994,0.334716459197787,0.7413554633471646,5.214384508990318,3.2143845089903182,30.502074688796682
1626179,Terry Rozier,Terry,Rozier,True,14.264559068219635,1.362728785357737,0.24958402662229617,0.9600665557404326,3.610648918469218,3.94675540765391,27.788685524126457
201937,Ricky Rubio,Ricky,Rubio,True,10.845272206303726,2.5329512893982806,0.1346704871060172,1.7564469914040115,7.392550143266476,4.054441260744985,29.64756446991404
1641712,Rayan Rupert,Rayan,Rupert,True,3.9743589743589745,0.7948717948717948,0.07692307692307693,0.3076923076923077,1.5897435897435896,2.358974358974359,16.23076923076923
1626156,D'Angelo Russell,D'Angelo,Russell,True,17.751313485113837,2.693520140105079,0.3222416812609457,1.0683012259194395,5.760070052539405,3.4220665499124343,30.236427320490368
1630346,Matt Ryan,Matt,Ryan,True,4.396825396825397,0.4126984126984127,0.031746031746031744,0.19047619047619047,0.5396825396825397,1.0476190476190477,11.206349206349206
1627734,Domantas Sabonis,Domantas,Sabonis,True,15.73611111111111,2.5347222222222223,0.4704861111111111,0.7777777777777778,4.755208333333333,10.256944444444445,30.32986111111111
1629677,Luka Samanic,Luka,Samanic,True,4.465116279069767,0.6976744186046512,0.22093023255813954,0.22093023255813954,0.6395348837209303,2.441860465116279,10.720930232558139
1630611,Gui Santos,Gui,Santos,True,3.5652173913043477,0.30434782608695654,0.08695652173913043,0.17391304347826086,0.6086956521739131,2.130434782608696,8.347826086956522
203967,Dario Saric,Dario,Saric,True,10.60167714884696,1.480083857442348,0.20125786163522014,0.5681341719077568,1.9224318658280923,5.40041928721174,22.78406708595388
1630846,Olivier Sarr,Olivier,Sarr,True,4.8478260869565215,0.6304347826086957,0.5869565217391305,0.15217391304347827,0.5434782608695652,3.4782608695652173,13.76086956521739
1631204,Marcus Sasser,Marcus,Sasser,True,8.253521126760564,1.267605633802817,0.16901408450704225,0.6197183098591549,3.323943661971831,1.7605633802816902,19.028169014084508
1629678,Admiral Schofield,Admiral,Schofield,True,3.2519083969465647,0.37404580152671757,0.10687022900763359,0.16030534351145037,0.5954198473282443,1.6412213740458015,10.48091603053435
203471,Dennis Schroder,Dennis,Schroder,True,14.0078125,2.2708333333333335,0.14192708333333334,0.8177083333333334,4.80859375,2.9114583333333335,27.239583333333332
1630578,Alperen Sengun,Alperen,Sengun,True,14.914285714285715,2.380952380952381,0.8761904761904762,0.9761904761904762,3.7523809523809524,7.904761904761905,27.17142857142857
1641729,Brice Sensabaugh,Brice,Sensabaugh,True,7.53125,1.46875,0.1875,0.40625,1.71875,3.1875,18.25
1629012,Collin Sexton,Collin,Sexton,True,18.892441860465116,2.2994186046511627,0.13662790697674418,0.7848837209302325,3.6075581395348837,2.828488372093023,30.2296511627907
1629013,Landry Shamet,Landry,Shamet,True,8.698275862068966,0.6954022988505747,0.15517241379310345,0.47988505747126436,1.6379310344827587,1.7270114942528736,21.916666666666668
1630549,Day'Ron Sharpe,Day'Ron,Sharpe,True,5.957446808510638,1.0070921985815602,0.6453900709219859,0.3475177304964539,0.9858156028368794,5.3120567375886525,13.21985815602837
1631101,Shaedon Sharpe,Shaedon,Sharpe,True,11.598214285714286,1.3839285714285714,0.32142857142857145,0.5892857142857143,1.6785714285714286,3.5357142857142856,25.339285714285715
1641767,Ben Sheppard,Ben,Sheppard,True,4.421052631578948,0.2631578947368421,0.03508771929824561,0.5789473684210527,0.9298245614035088,1.5614035087719298,14.280701754385966
1627783,Pascal Siakam,Pascal,Siakam,True,17.689655172413794,1.8566243194192378,0.6025408348457351,0.9056261343012704,3.6261343012704175,6.611615245009075,31.01633393829401
1627732,Ben Simmons,Ben,Simmons,True,14.352409638554217,3.1596385542168677,0.6987951807228916,1.5963855421686748,7.436746987951807,7.828313253012048,32.5
1629014,Anfernee Simons,Anfernee,Simons,True,14.072100313479623,1.5172413793103448,0.13479623824451412,0.438871473354232,2.909090909090909,2.457680250783699,25.476489028213166
1630579,Jericho Sims,Jericho,Sims,True,2.608695652173913,0.45652173913043476,0.5,0.2463768115942029,0.5144927536231884,4.043478260869565,14.144927536231885
1630606,Javonte Smart,Javonte,Smart,True,2.8333333333333335,0.6111111111111112,0.16666666666666666,0.3333333333333333,0.8888888888888888,1.3333333333333333,11.166666666666666
203935,Marcus Smart,Marcus,Smart,True,10.698835274542429,1.9034941763727122,0.3643926788685524,1.589018302828619,4.635607321131448,3.5108153078202995,30.026622296173045
1630696,Dru Smith,Dru,Smith,True,3.4583333333333335,0.3333333333333333,0.2916666666666667,0.7916666666666666,1.5,1.5833333333333333,12.041666666666666
202397,Ish Smith,Ish,Smith,True,7.095652173913043,1.227329192546584,0.24472049689440994,0.6745341614906832,3.7813664596273293,2.3850931677018634,19.245962732919256
1630188,Jalen Smith,Jalen,Smith,True,8.531400966183575,0.7971014492753623,0.6908212560386473,0.2608695652173913,0.7584541062801933,5.193236714975845,16.44927536231884
1628372,Dennis Smith Jr.,Dennis,Smith Jr.,True,9.693251533742332,1.9417177914110428,0.3343558282208589,1.156441717791411,4.236196319018405,2.9662576687116564,23.319018404907975
1631095,Jabari Smith Jr.,Jabari,Smith Jr.,True,13.251612903225807,1.2451612903225806,0.8709677419354839,0.6129032258064516,1.4322580645161291,7.645161290322581,31.44516129032258
1641733,Nick Smith Jr.,Nick,Smith Jr.,True,5.921568627450981,0.7647058823529411,0.13725490196078433,0.19607843137254902,1.1568627450980393,1.411764705882353,14.294117647058824
1631110,Jeremy Sochan,Jeremy,Sochan,True,11.346153846153847,1.823076923076923,0.4846153846153846,0.8076923076923077,3.0076923076923077,5.930769230769231,28.084615384615386
1630531,Jaden Springer,Jaden,Springer,True,3.08955223880597,0.5671641791044776,0.29850746268656714,0.6417910447761194,0.7761194029850746,1.4029850746268657,8.985074626865671
1630205,Lamar Stevens,Lamar,Stevens,True,5.655172413793103,0.5665024630541872,0.35467980295566504,0.4827586206896552,0.6403940886699507,2.9261083743842367,15.729064039408867
1630191,Isaiah Stewart,Isaiah,Stewart,True,9.34468085106383,1.2170212765957447,1.004255319148936,0.41702127659574467,1.2085106382978723,7.56595744680851,25.98723404255319
1631124,Julian Strawther,Julian,Strawther,True,4.54,0.46,0.14,0.34,0.94,1.22,10.9
1629622,Max Strus,Max,Strus,True,10.571428571428571,0.9536679536679536,0.2277992277992278,0.5598455598455598,2.200772200772201,3.2432432432432434,25.525096525096526
1630591,Jalen Suggs,Jalen,Suggs,True,11.539772727272727,2.096590909090909,0.5284090909090909,1.3181818181818181,3.2329545454545454,3.1875,26.005681818181817
1630256,Jae'Sean Tate,Jae'Sean,Tate,True,9.26639344262295,1.3155737704918034,0.4057377049180328,0.9016393442622951,2.2459016393442623,4.545081967213115,23.80327868852459
1628369,Jayson Tatum,Jayson,Tatum,True,23.103313840155945,2.3001949317738792,0.6744639376218323,1.0974658869395713,3.5321637426900585,7.153996101364522,34.23196881091618
1630678,Terry Taylor,Terry,Taylor,True,4.768421052631579,0.4105263157894737,0.16842105263157894,0.23157894736842105,0.6421052631578947,2.694736842105263,12.263157894736842
202066,Garrett Temple,Garrett,Temple,True,6.095558546433378,0.8855989232839838,0.32166890982503366,0.7981157469717362,1.6541049798115748,2.2637954239569313,20.506056527590847
1631207,Dalen Terry,Dalen,Terry,True,2.731958762886598,0.41237113402061853,0.23711340206185566,0.3917525773195876,1.0618556701030928,1.5463917525773196,9.22680412371134
1628464,Daniel Theis,Daniel,Theis,True,7.351206434316354,0.8042895442359249,0.8552278820375335,0.46112600536193027,1.2171581769436997,4.758713136729223,19.064343163538872
1630560,Cam Thomas,Cam,Thomas,True,13.978947368421053,1.2736842105263158,0.1631578947368421,0.5157894736842106,1.831578947368421,2.473684210526316,22.094736842105263
1641708,Amen Thompson,Amen,Thompson,True,9.548387096774194,1.4516129032258065,0.6129032258064516,1.2580645161290323,2.629032258064516,6.596774193548387,22.403225806451612
1641709,Ausar Thompson,Ausar,Thompson,True,8.825396825396826,1.3333333333333333,0.9365079365079365,1.0793650793650793,1.9047619047619047,6.380952380952381,25.126984126984127
202691,Klay Thompson,Klay,Thompson,True,19.58511979823455,1.6847414880201765,0.5208070617906684,0.8524590163934426,2.3240857503152585,3.5245901639344264,32.587641866330394
202684,Tristan Thompson,Tristan,Thompson,True,8.668806161745827,1.0962772785622592,0.6611039794608472,0.48267008985879334,0.9961489088575096,8.0795892169448,25.808729139922978
1630550,JT Thor,JT,Thor,True,3.2,0.41818181818181815,0.3696969696969697,0.24848484848484848,0.509090909090909,2.066666666666667,12.187878787878788
1629680,Matisse Thybulle,Matisse,Thybulle,True,4.77710843373494,0.5602409638554217,0.8132530120481928,1.533132530120482,1.0843373493975903,1.9819277108433735,20.960843373493976
1630214,Xavier Tillman,Xavier,Tillman,True,5.969162995594714,0.6916299559471366,0.5330396475770925,0.8898678414096917,1.3656387665198237,4.118942731277533,17.356828193832598
1630167,Obi Toppin,Obi,Toppin,True,7.918727915194347,0.657243816254417,0.36395759717314485,0.3957597173144876,1.0600706713780919,3.2261484098939928,16.586572438162545
1626157,Karl-Anthony Towns,Karl-Anthony,Towns,True,22.898778359511343,2.7102966841186737,1.2582897033158813,0.7888307155322862,3.167539267015707,10.848167539267015,33.95113438045375
1629018,Gary Trent Jr.,Gary,Trent Jr.,True,14.29325513196481,0.7126099706744868,0.20821114369501467,1.1964809384164223,1.501466275659824,2.3900293255131966,28.75073313782991
200782,P.J. Tucker,P.J.,Tucker,True,6.629671574178936,0.9229898074745186,0.29671574178935445,1.0668176670441676,1.3873159682899208,5.402038505096263,28.2400906002265
1626167,Myles Turner,Myles,Turner,True,13.878947368421052,1.3789473684210527,2.2245614035087717,0.6771929824561403,1.231578947368421,6.803508771929825,28.563157894736843
1630649,Stanley Umude,Stanley,Umude,True,5.16,0.56,0.32,0.36,0.44,2.04,12.36
202685,Jonas Valanciunas,Jonas,Valanciunas,True,13.35981308411215,1.6483644859813085,0.9602803738317757,0.39953271028037385,1.3282710280373833,9.457943925233645,25.740654205607477
1627832,Fred VanVleet,Fred,VanVleet,True,15.020408163265307,1.6795918367346938,0.46530612244897956,1.353061224489796,5.689795918367347,3.3938775510204082,30.779591836734692
1629020,Jarred Vanderbilt,Jarred,Vanderbilt,True,6.084249084249084,0.9743589743589743,0.43956043956043955,1.065934065934066,1.4468864468864469,6.388278388278389,20.501831501831504
1630170,Devin Vassell,Devin,Vassell,True,13.552301255230125,1.0251046025104602,0.41422594142259417,0.9832635983263598,2.5313807531380754,3.719665271966527,26.85774058577406
1628426,Sasha Vezenkov,Sasha,Vezenkov,True,5.357142857142857,0.2857142857142857,0.16666666666666666,0.47619047619047616,0.4523809523809524,2.2857142857142856,12.166666666666666
1629216,Gabe Vincent,Gabe,Vincent,True,7.427184466019417,1.116504854368932,0.09223300970873786,0.7718446601941747,2.2864077669902914,1.6553398058252426,20.888349514563107
202696,Nikola Vucevic,Nikola,Vucevic,True,17.096774193548388,1.7252502780867631,0.8809788654060067,0.8453837597330367,2.843159065628476,10.494994438264738,31.39488320355951
1629731,Dean Wade,Dean,Wade,True,5.1875,0.38392857142857145,0.3482142857142857,0.5982142857142857,0.9285714285714286,3.357142857142857,19.03125
1630532,Franz Wagner,Franz,Wagner,True,17.761904761904763,1.8311688311688312,0.341991341991342,0.9567099567099567,3.3896103896103895,4.6147186147186146,31.926406926406926
1629021,Moritz Wagner,Moritz,Wagner,True,8.834834834834835,1.1081081081081081,0.2912912912912913,0.48348348348348347,1.1921921921921923,3.8678678678678677,16.47747747747748
1630688,Ish Wainright,Ish,Wainright,True,3.293103448275862,0.31896551724137934,0.25,0.5344827586206896,0.5948275862068966,1.7844827586206897,11.517241379310345
1631133,Jabari Walker,Jabari,Walker,True,6.671875,0.7421875,0.2734375,0.40625,0.8203125,4.9921875,18.125
1641716,Jarace Walker,Jarace,Walker,True,3.6363636363636362,0.5151515151515151,0.3333333333333333,0.45454545454545453,1.2121212121212122,1.9090909090909092,10.303030303030303
1629022,Lonnie Walker IV,Lonnie,Walker IV,True,9.847826086956522,0.8726708074534162,0.2732919254658385,0.5403726708074534,1.453416149068323,2.260869565217391,20.338509316770185
1641717,Cason Wallace,Cason,Wallace,True,6.841463414634147,0.5487804878048781,0.45121951219512196,0.926829268292683,1.4634146341463414,2.2804878048780486,20.634146341463413
1641775,Jordan Walsh,Jordan,Walsh,True,1.6666666666666667,0.3333333333333333,0.1111111111111111,0.5555555555555556,0.5555555555555556,2.2222222222222223,9.222222222222221
1629023,P.J. Washington,P.J.,Washington,True,12.867867867867869,1.5285285285285286,0.9669669669669669,0.9459459459459459,2.2432432432432434,5.525525525525525,30.273273273273272
1630613,Duane Washington Jr.,Duane,Washington Jr.,True,9.075949367088608,1.1518987341772151,0.08860759493670886,0.4050632911392405,1.8734177215189873,1.5063291139240507,17.240506329113924
1631102,TyTy Washington Jr.,TyTy,Washington Jr.,True,3.7857142857142856,0.38095238095238093,0.047619047619047616,0.42857142857142855,1.2380952380952381,1.1904761904761905,11.642857142857142
1629139,Yuta Watanabe,Yuta,Watanabe,True,4.2018779342723,0.4084507042253521,0.2863849765258216,0.38967136150234744,0.6431924882629108,2.3333333333333335,13.333333333333334
1630322,Lindy Waters III,Lindy,Waters III,True,5.288461538461538,0.2692307692307692,0.25,0.36538461538461536,0.7307692307692307,1.8076923076923077,12.26923076923077
1630570,Trendon Watford,Trendon,Watford,True,7.254335260115607,1.0289017341040463,0.34104046242774566,0.4624277456647399,1.6878612716763006,3.647398843930636,16.809248554913296
1631212,Peyton Watson,Peyton,Watson,True,5.893203883495145,0.6407766990291263,0.9611650485436893,0.42718446601941745,0.941747572815534,2.8640776699029127,16.25242718446602
1641705,Victor Wembanyama,Victor,Wembanyama,True,21.43661971830986,3.6619718309859155,3.5774647887323945,1.2394366197183098,3.859154929577465,10.633802816901408,29.661971830985916
1631104,Blake Wesley,Blake,Wesley,True,4.612244897959184,1.2244897959183674,0.14285714285714285,0.5510204081632653,2.693877551020408,1.7959183673469388,15.76530612244898
201566,Russell Westbrook,Russell,Westbrook,True,21.696213425129088,3.9475043029259895,0.31755593803786575,1.5912220309810672,8.14802065404475,7.148881239242685,33.630808950086056
1629632,Coby White,Coby,White,True,14.068965517241379,1.6522988505747127,0.16091954022988506,0.6408045977011494,3.7011494252873565,3.6379310344827585,29.06896551724138
1628401,Derrick White,Derrick,White,True,12.322966507177034,1.3468899521531101,0.8755980861244019,0.7966507177033493,4.076555023923445,3.5095693779904304,27.526315789473685
1641727,Dariq Whitehead,Dariq,Whitehead,True,1.5,0.0,0.5,0.0,1.5,2.0,12.0
1641715,Cam Whitmore,Cam,Whitmore,True,12.319148936170214,0.9787234042553191,0.3617021276595745,0.6382978723404256,0.7021276595744681,3.8297872340425534,18.72340425531915
1630598,Aaron Wiggins,Aaron,Wiggins,True,7.257575757575758,0.8333333333333334,0.2222222222222222,0.6313131313131313,1.1818181818181819,2.898989898989899,18.858585858585858
203952,Andrew Wiggins,Andrew,Wiggins,True,18.542492917847024,1.8781869688385269,0.6628895184135978,0.9660056657223796,2.262039660056657,4.470254957507082,34.06090651558074
1629623,Lindell Wigginton,Lindell,Wigginton,True,4.689655172413793,0.8620689655172413,0.10344827586206896,0.1724137931034483,1.2758620689655173,1.103448275862069,10.10344827586207
1629684,Grant Williams,Grant,Williams,True,7.027472527472527,0.9862637362637363,0.5137362637362637,0.5082417582417582,1.414835164835165,3.6016483516483517,22.61263736263736
1631114,Jalen Williams,Jalen,Williams,True,16.513698630136986,1.6849315068493151,0.547945205479452,1.2534246575342465,3.904109589041096,4.239726027397261,30.815068493150687
1631119,Jaylin Williams,Jaylin,Williams,True,4.779661016949152,0.6016949152542372,0.3305084745762712,0.4745762711864407,1.576271186440678,4.02542372881356,15.347457627118644
1629026,Kenrich Williams,Kenrich,Williams,True,6.37888198757764,0.7577639751552795,0.2795031055900621,0.7888198757763976,1.8571428571428572,4.248447204968944,20.63664596273292
1631109,Mark Williams,Mark,Williams,True,10.14516129032258,0.9193548387096774,1.0483870967741935,0.7096774193548387,0.6451612903225806,7.870967741935484,21.548387096774192
1631466,Nate Williams,Nate,Williams,True,4.296296296296297,0.2962962962962963,0.1111111111111111,0.25925925925925924,0.6296296296296297,1.4074074074074074,9.481481481481481
1630172,Patrick Williams,Patrick,Williams,True,9.71830985915493,1.2769953051643192,0.7417840375586855,0.8685446009389671,1.3145539906103287,4.173708920187793,27.71361502347418
1630533,Ziaire Williams,Ziaire,Williams,True,7.54,0.96,0.18,0.5666666666666667,1.1666666666666667,2.5866666666666664,19.633333333333333
1629057,Robert Williams III,Robert,Williams III,True,7.325581395348837,0.8697674418604651,1.6511627906976745,0.7395348837209302,1.413953488372093,6.906976744186046,20.47906976744186
1631246,Vince Williams Jr.,Vince,Williams Jr.,True,8.223880597014926,1.4477611940298507,0.5373134328358209,0.7910447761194029,2.671641791044776,4.552238805970149,23.0
1629627,Zion Williamson,Zion,Williamson,True,24.684782608695652,2.8152173913043477,0.6032608695652174,0.9891304347826086,4.135869565217392,6.516304347826087,31.831521739130434
1630592,Jalen Wilson,Jalen,Wilson,True,4.976744186046512,0.4418604651162791,0.09302325581395349,0.2558139534883721,1.0465116279069768,3.046511627906977,15.465116279069768
1629685,Dylan Windler,Dylan,Windler,True,3.1584158415841586,0.504950495049505,0.1485148514851485,0.3564356435643564,0.7722772277227723,2.099009900990099,10.801980198019802
1630164,James Wiseman,James,Wiseman,True,9.142857142857142,1.2040816326530612,0.6938775510204082,0.20408163265306123,0.7482993197278912,5.639455782312925,19.006802721088434
1626174,Christian Wood,Christian,Wood,True,13.619469026548673,1.4365781710914454,0.8702064896755162,0.5398230088495575,1.3834808259587021,6.979351032448378,23.17699115044248
1626153,Delon Wright,Delon,Wright,True,6.950787401574803,0.8956692913385826,0.3464566929133858,1.220472440944882,3.0688976377952755,3.1181102362204722,20.748031496062993
201152,Thaddeus Young,Thaddeus,Young,True,12.137372013651877,1.4001706484641638,0.39078498293515357,1.3754266211604096,1.8216723549488054,5.643344709897611,28.168088737201366
1629027,Trae Young,Trae,Young,True,25.5012285012285,4.167076167076167,0.15233415233415235,1.0171990171990173,9.503685503685503,3.5651105651105652,34.11056511056511
1630209,Omer Yurtseven,Omer,Yurtseven,True,4.964601769911504,0.7256637168141593,0.35398230088495575,0.23893805309734514,0.7079646017699115,4.646017699115045,11.814159292035399
203469,Cody Zeller,Cody,Zeller,True,7.927536231884058,1.0,0.5978260869565217,0.6014492753623188,1.3405797101449275,5.661231884057971,20.85144927536232
1627826,Ivica Zubac,Ivica,Zubac,True,9.152777777777779,1.1468253968253967,0.9623015873015873,0.32341269841269843,1.1507936507936507,7.404761904761905,21.444444444444443
